epoch,time,train/box_loss,train/pose_loss,train/kobj_loss,train/cls_loss,train/dfl_loss,metrics/precision(B),metrics/recall(B),metrics/mAP50(B),metrics/mAP50-95(B),metrics/precision(P),metrics/recall(P),metrics/mAP50(P),metrics/mAP50-95(P),val/box_loss,val/pose_loss,val/kobj_loss,val/cls_loss,val/dfl_loss,lr/pg0,lr/pg1,lr/pg2
1,2.79998,1.83162,5.35722,0.50115,3.58276,1.41748,0.27639,0.91071,0.34186,0.2071,0.09482,0.60119,0.11586,0.04159,1.45713,5.35915,0.4997,3.95114,1.1549,3.334e-05,3.334e-05,3.334e-05
2,5.76075,1.80869,5.60117,0.49887,3.67649,1.45077,0.28027,0.92024,0.34533,0.21015,0.09595,0.56429,0.11092,0.04025,1.44913,5.31732,0.49204,3.76288,1.15687,8.32675e-05,8.32675e-05,8.32675e-05
3,8.39167,1.68999,5.12957,0.48607,3.09866,1.40404,0.22516,0.94405,0.36843,0.22828,0.0925,0.60714,0.103,0.0325,1.4182,5.17606,0.46344,3.07809,1.16788,0.000133096,0.000133096,0.000133096
4,10.5498,1.67977,5.36555,0.45438,2.45279,1.35907,0.40018,0.76302,0.39445,0.24306,0.1894,0.47143,0.11996,0.03219,1.43514,5.09195,0.4327,2.28506,1.20193,0.000182825,0.000182825,0.000182825
5,11.6956,1.64273,5.13815,0.42568,1.8515,1.29278,0.31105,0.5869,0.44921,0.25696,0.15447,0.30714,0.12498,0.05187,1.48803,4.8311,0.33338,1.28192,1.28891,0.000232456,0.000232456,0.000232456
6,12.8063,1.71098,4.853,0.4226,1.53623,1.38049,0.38943,0.42857,0.46634,0.26248,0.71515,0.21223,0.13245,0.05922,1.47571,4.759,0.29102,1.43451,1.26871,0.000281987,0.000281987,0.000281987
7,13.9427,1.66286,4.82031,0.42533,1.39626,1.33493,0.38625,0.46893,0.46534,0.27197,0.1923,0.24286,0.12745,0.05515,1.40016,4.76913,0.27483,1.49836,1.19543,0.00033142,0.00033142,0.00033142
8,15.0252,1.61726,4.53922,0.39671,1.23495,1.33219,0.89068,0.45948,0.46537,0.27413,0.69674,0.22381,0.12896,0.05387,1.39185,4.77973,0.26938,1.52089,1.17677,0.000380753,0.000380753,0.000380753
9,16.1593,1.68645,4.7047,0.40685,1.20449,1.26837,0.912,0.48095,0.47095,0.26906,0.70777,0.24286,0.1321,0.05307,1.41874,4.77511,0.26172,1.52932,1.17068,0.000429987,0.000429987,0.000429987
10,17.2182,1.56794,4.53044,0.40025,1.19293,1.27049,0.91243,0.47096,0.47009,0.266,0.7069,0.23333,0.12508,0.04868,1.41425,4.77029,0.26388,1.54694,1.16072,0.000479123,0.000479123,0.000479123
11,18.3257,1.62109,4.34503,0.43748,1.14417,1.39344,0.90851,0.45238,0.47631,0.27204,0.71053,0.23205,0.12599,0.04724,1.41819,4.75552,0.26054,1.57012,1.16575,0.000528159,0.000528159,0.000528159
12,19.3695,1.51264,4.51151,0.39825,1.2217,1.22842,0.89869,0.46851,0.48566,0.27621,0.70341,0.23842,0.12483,0.04601,1.41259,4.74482,0.25965,1.51064,1.1671,0.000577096,0.000577096,0.000577096
13,20.4458,1.48157,4.36185,0.37803,0.98959,1.22987,0.92228,0.46571,0.49682,0.28957,0.73038,0.2381,0.15208,0.05226,1.41062,4.68669,0.25996,1.22544,1.15129,0.000625934,0.000625934,0.000625934
14,21.5368,1.55784,4.15221,0.38113,1.32363,1.19022,0.9233,0.47619,0.49609,0.29121,0.7362,0.22857,0.1543,0.05571,1.39632,4.6195,0.26246,1.13533,1.14924,0.000674674,0.000674674,0.000674674
15,22.6518,1.54603,4.14449,0.3912,1.00933,1.25692,0.40738,0.46081,0.48813,0.27769,0.75151,0.25238,0.16781,0.06992,1.41766,4.36193,0.27647,1.05444,1.16699,0.000723314,0.000723314,0.000723314
16,23.7423,1.54026,4.10535,0.40497,1.08649,1.21926,0.41566,0.44589,0.49079,0.2838,0.75159,0.25714,0.18223,0.07641,1.42014,4.2889,0.28119,1.03311,1.1538,0.000771855,0.000771855,0.000771855
17,24.8722,1.41222,4.03348,0.38122,1.11323,1.21362,0.37951,0.65714,0.52034,0.30616,0.79251,0.30476,0.26269,0.10167,1.39345,3.95445,0.30168,0.99968,1.11259,0.000820297,0.000820297,0.000820297
18,25.9557,1.48112,3.91014,0.38877,1.08316,1.1885,0.37231,0.74048,0.51765,0.31076,0.2487,0.5,0.28629,0.11258,1.37574,3.91684,0.31427,0.99555,1.09372,0.000868641,0.000868641,0.000868641
19,27.0734,1.45891,3.86303,0.41088,1.2266,1.22389,0.40239,0.68929,0.50785,0.30616,0.25042,0.51806,0.25151,0.09651,1.37378,4.19628,0.33351,1.01965,1.08892,0.000916885,0.000916885,0.000916885
20,28.1563,1.47422,3.88035,0.40357,1.05931,1.20871,0.4057,0.73095,0.50631,0.30926,0.26457,0.51652,0.25168,0.09494,1.36897,4.23239,0.33144,1.03842,1.0873,0.00096503,0.00096503,0.00096503
21,29.2273,1.54358,3.9667,0.36243,1.16227,1.17762,0.42574,0.77262,0.52084,0.32166,0.26648,0.50357,0.23963,0.09918,1.35683,4.23072,0.29895,0.99999,1.08166,0.00101308,0.00101308,0.00101308
22,30.3027,1.45157,3.88658,0.37899,1.12253,1.20332,0.46631,0.56429,0.5244,0.31732,0.25932,0.3131,0.22641,0.10232,1.36866,4.29128,0.24767,0.96562,1.08985,0.00106102,0.00106102,0.00106102
23,31.391,1.42549,3.7953,0.3907,1.05021,1.16282,0.43194,0.60595,0.52159,0.31407,0.2994,0.32262,0.2302,0.10297,1.37025,4.33682,0.23857,0.952,1.09836,0.00110887,0.00110887,0.00110887
24,32.4505,1.50539,3.60881,0.35704,0.99456,1.2068,0.44714,0.51916,0.52509,0.31899,0.32011,0.33214,0.24209,0.10635,1.34679,4.23284,0.23848,0.94899,1.08723,0.00115662,0.00115662,0.00115662
25,35.3236,1.51849,3.52468,0.39397,1.03491,1.25702,0.40577,0.56905,0.51702,0.31822,0.2601,0.47143,0.24236,0.11705,1.33964,4.12509,0.23565,0.9486,1.07728,0.00120427,0.00120427,0.00120427
26,38.2848,1.45406,3.50459,0.35176,1.07399,1.14559,0.40211,0.73571,0.51763,0.3157,0.25672,0.47619,0.26565,0.12384,1.33277,3.97732,0.23471,0.95912,1.07738,0.00125182,0.00125182,0.00125182
27,39.4868,1.50932,3.48156,0.31737,1.01905,1.16707,0.37587,0.65238,0.50642,0.30806,0.79417,0.31429,0.2621,0.12357,1.31996,3.96378,0.23332,0.99502,1.07957,0.00129927,0.00129927,0.00129927
28,40.5587,1.45988,3.56169,0.32791,1.10938,1.16729,0.35863,0.65238,0.51068,0.29617,0.27618,0.31143,0.26182,0.12306,1.38804,3.92914,0.24443,1.00308,1.11716,0.00134663,0.00134663,0.00134663
29,41.6171,1.44969,3.48238,0.36503,1.05285,1.18366,0.35863,0.65238,0.51068,0.29617,0.27618,0.31143,0.26182,0.12306,1.38804,3.92914,0.24443,1.00308,1.11716,0.00139388,0.00139388,0.00139388
30,42.6812,1.43455,3.08081,0.34866,1.02418,1.17261,0.36573,0.71279,0.51823,0.30561,0.24247,0.5,0.28738,0.12937,1.40265,3.85174,0.24705,0.96623,1.12836,0.00144103,0.00144103,0.00144103
31,43.752,1.31645,3.1803,0.33967,0.9507,1.1347,0.37916,0.69881,0.52732,0.32251,0.80352,0.31905,0.29158,0.13908,1.38794,3.85305,0.21928,0.92502,1.11248,0.00148809,0.00148809,0.00148809
32,44.8412,1.44316,3.13151,0.36846,1.02054,1.20471,0.39147,0.65714,0.53443,0.32091,0.24862,0.42024,0.25282,0.11904,1.40979,4.18094,0.18776,0.94328,1.10809,0.00153505,0.00153505,0.00153505
33,45.8919,1.44121,3.30478,0.36235,1.10103,1.17619,0.39147,0.65714,0.53443,0.32091,0.24862,0.42024,0.25282,0.11904,1.40979,4.18094,0.18776,0.94328,1.10809,0.00158191,0.00158191,0.00158191
34,46.977,1.40387,3.0599,0.3427,1.0638,1.15649,0.39859,0.65238,0.52672,0.31805,0.78537,0.30476,0.25426,0.12486,1.39807,4.01389,0.1901,0.94811,1.11199,0.00161254,0.00161254,0.00161254
35,48.0606,1.43705,3.14231,0.32242,1.05612,1.15738,0.93771,0.48571,0.52161,0.31637,0.80962,0.33333,0.29124,0.15593,1.40788,3.56281,0.20448,0.94008,1.13591,0.00161089,0.00161089,0.00161089
36,49.1781,1.44614,3.11138,0.3265,0.99513,1.16328,0.92712,0.47445,0.51882,0.30311,0.8261,0.34762,0.31935,0.15821,1.44402,3.41264,0.20861,0.94504,1.15739,0.00160924,0.00160924,0.00160924
37,50.224,1.42571,2.873,0.31588,1.02058,1.16961,0.92712,0.47445,0.51882,0.30311,0.8261,0.34762,0.31935,0.15821,1.44402,3.41264,0.20861,0.94504,1.15739,0.00160759,0.00160759,0.00160759
38,51.3157,1.37653,2.85897,0.34166,0.97245,1.14757,0.92039,0.47775,0.52464,0.31305,0.88615,0.32857,0.32285,0.15223,1.41409,3.46796,0.21579,0.94179,1.11638,0.00160594,0.00160594,0.00160594
39,52.4726,1.43511,3.05206,0.34354,0.98932,1.14171,0.92757,0.47143,0.52204,0.31638,0.86975,0.32445,0.32321,0.17094,1.39494,3.33555,0.20267,0.92725,1.09723,0.00160429,0.00160429,0.00160429
40,53.6807,1.33749,2.9161,0.32735,1.05216,1.11666,0.93897,0.47955,0.52312,0.3205,0.85873,0.35714,0.32255,0.16826,1.37521,3.25569,0.19758,0.91571,1.09797,0.00160264,0.00160264,0.00160264
41,54.8652,1.35981,2.69979,0.31198,0.9409,1.11627,0.93897,0.47955,0.52312,0.3205,0.85873,0.35714,0.32255,0.16826,1.37521,3.25569,0.19758,0.91571,1.09797,0.00160099,0.00160099,0.00160099
42,55.992,1.40774,2.82406,0.30303,0.99593,1.12039,0.9401,0.47143,0.51659,0.31779,0.85647,0.38095,0.32933,0.1665,1.34967,3.26399,0.19518,0.92677,1.10461,0.00159934,0.00159934,0.00159934
43,57.0941,1.42084,2.64592,0.32312,0.97801,1.2045,0.94818,0.45305,0.50936,0.31499,0.85396,0.35781,0.31718,0.16816,1.33575,3.18276,0.19608,0.92256,1.10499,0.00159769,0.00159769,0.00159769
44,58.1891,1.38986,2.69413,0.32428,0.92406,1.15192,0.4236,0.48095,0.51816,0.32084,0.82904,0.34762,0.2888,0.1549,1.32519,3.35076,0.19602,0.92432,1.10216,0.00159604,0.00159604,0.00159604
45,59.2576,1.39908,2.64966,0.30809,0.95842,1.14103,0.4236,0.48095,0.51816,0.32084,0.82904,0.34762,0.2888,0.1549,1.32519,3.35076,0.19602,0.92432,1.10216,0.00159439,0.00159439,0.00159439
46,60.3679,1.32351,2.72953,0.29544,0.96776,1.12693,0.3826,0.59531,0.51703,0.31937,0.82035,0.34286,0.28544,0.1444,1.32169,3.4896,0.20236,0.92403,1.09617,0.00159274,0.00159274,0.00159274
47,61.4759,1.40522,2.68751,0.2939,1.01184,1.14022,0.37701,0.61548,0.52594,0.31978,0.81292,0.34286,0.28926,0.15102,1.34707,3.48662,0.19563,0.92228,1.10832,0.00159108,0.00159108,0.00159108
48,62.564,1.39414,2.77517,0.37486,1.00337,1.195,0.93702,0.44762,0.51514,0.31452,0.82299,0.33889,0.3002,0.17218,1.39518,3.3038,0.18161,0.93761,1.1358,0.00158943,0.00158943,0.00158943
49,63.6359,1.39087,2.39003,0.3051,0.94661,1.1849,0.93702,0.44762,0.51514,0.31452,0.82299,0.33889,0.3002,0.17218,1.39518,3.3038,0.18161,0.93761,1.1358,0.00158778,0.00158778,0.00158778
50,64.7378,1.34154,2.61123,0.31537,1.03352,1.14715,0.94266,0.45714,0.50912,0.30623,0.83178,0.34286,0.29951,0.17379,1.40523,3.23839,0.17557,0.94874,1.14928,0.00158613,0.00158613,0.00158613
51,65.8785,1.31591,2.51631,0.31157,0.96277,1.121,0.94411,0.45409,0.50883,0.30738,0.84175,0.35238,0.31206,0.18708,1.37693,3.16304,0.17179,0.94329,1.14345,0.00158448,0.00158448,0.00158448
52,66.9804,1.36578,2.49072,0.3264,1.01673,1.13681,0.4193,0.52262,0.51212,0.30517,0.37924,0.37143,0.35678,0.20155,1.36738,2.92802,0.17738,0.94899,1.13549,0.00158283,0.00158283,0.00158283
53,68.0836,1.35489,2.67179,0.28247,0.97981,1.12111,0.4193,0.52262,0.51212,0.30517,0.37924,0.37143,0.35678,0.20155,1.36738,2.92802,0.17738,0.94899,1.13549,0.00158118,0.00158118,0.00158118
54,69.2156,1.31504,2.4937,0.317,0.93755,1.1114,0.41213,0.52262,0.51877,0.30347,0.30045,0.4881,0.36727,0.20831,1.38396,2.87874,0.16718,0.93913,1.14341,0.00157953,0.00157953,0.00157953
55,70.3403,1.37242,2.35097,0.32739,0.96219,1.12831,0.39649,0.65238,0.52789,0.31777,0.30107,0.47381,0.34915,0.19957,1.39357,3.18156,0.15418,0.91927,1.13751,0.00157788,0.00157788,0.00157788
56,71.5129,1.37276,2.33154,0.28497,0.9343,1.10827,0.41048,0.65714,0.53198,0.32137,0.30775,0.46429,0.35188,0.21078,1.40227,3.13509,0.15341,0.89648,1.12943,0.00157623,0.00157623,0.00157623
57,72.6683,1.31829,2.28982,0.30574,0.93678,1.10636,0.41048,0.65714,0.53198,0.32137,0.30775,0.46429,0.35188,0.21078,1.40227,3.13509,0.15341,0.89648,1.12943,0.00157458,0.00157458,0.00157458
58,73.823,1.40459,2.35596,0.30689,0.90233,1.15462,0.43238,0.68643,0.53577,0.32563,0.37707,0.39437,0.37925,0.23351,1.43021,2.79607,0.1576,0.88906,1.13731,0.00157293,0.00157293,0.00157293
59,74.9636,1.32243,2.26339,0.31937,0.96866,1.15471,0.421,0.65714,0.53174,0.32276,0.31076,0.42262,0.35886,0.2121,1.40087,2.94905,0.16547,0.8845,1.10558,0.00157128,0.00157128,0.00157128
60,76.0933,1.392,2.48952,0.31797,0.87743,1.17758,0.42714,0.65714,0.52828,0.32487,0.34433,0.47381,0.36043,0.21333,1.36495,2.88587,0.15827,0.89082,1.08242,0.00156963,0.00156963,0.00156963
61,77.1946,1.3798,2.2202,0.29774,0.87543,1.10636,0.42714,0.65714,0.52828,0.32487,0.34433,0.47381,0.36043,0.21333,1.36495,2.88587,0.15827,0.89082,1.08242,0.00156798,0.00156798,0.00156798
62,78.3214,1.38467,2.12735,0.28317,0.89092,1.1277,0.42444,0.61548,0.52432,0.32331,0.86968,0.40952,0.37615,0.22873,1.33483,2.80503,0.14881,0.88264,1.07932,0.00156633,0.00156633,0.00156633
63,79.4598,1.38897,2.31616,0.276,0.88052,1.11681,0.41228,0.56429,0.5,0.31307,0.8546,0.35714,0.32483,0.20734,1.36965,3.04047,0.14363,0.88816,1.11915,0.00156468,0.00156468,0.00156468
64,80.583,1.36607,2.58092,0.33573,0.9465,1.16604,0.43345,0.56905,0.50614,0.31556,0.36291,0.47381,0.35554,0.21467,1.38189,2.91436,0.14693,0.90639,1.12963,0.00156303,0.00156303,0.00156303
65,81.6782,1.4432,2.51432,0.32144,0.91301,1.19586,0.43345,0.56905,0.50614,0.31556,0.36291,0.47381,0.35554,0.21467,1.38189,2.91436,0.14693,0.90639,1.12963,0.00156138,0.00156138,0.00156138
66,82.7997,1.33831,2.19872,0.28106,0.89491,1.11532,0.4148,0.5369,0.52065,0.32884,0.86562,0.40167,0.35386,0.21941,1.37682,2.82742,0.14947,0.90666,1.11358,0.00155973,0.00155973,0.00155973
67,83.9345,1.32,2.05615,0.31031,0.88683,1.10962,0.40711,0.5369,0.51515,0.31264,0.86583,0.40251,0.35279,0.22048,1.39665,2.76261,0.14902,0.92282,1.10551,0.00155808,0.00155808,0.00155808
68,85.0698,1.29897,2.096,0.27755,0.92739,1.09167,0.44881,0.57381,0.5118,0.31875,0.40459,0.49286,0.37012,0.22832,1.38676,2.74738,0.147,0.90341,1.11576,0.00155643,0.00155643,0.00155643
69,86.1589,1.36121,2.23173,0.28976,0.9012,1.13792,0.44881,0.57381,0.5118,0.31875,0.40459,0.49286,0.37012,0.22832,1.38676,2.74738,0.147,0.90341,1.11576,0.00155478,0.00155478,0.00155478
70,87.2703,1.33758,2.23293,0.24679,0.85979,1.08273,0.93588,0.47619,0.50732,0.31293,0.38838,0.4881,0.36478,0.2303,1.38704,2.72346,0.14271,0.90076,1.13701,0.00155313,0.00155313,0.00155313
71,88.4071,1.32376,2.07495,0.28165,0.90458,1.12398,0.93518,0.47954,0.50627,0.31266,0.85665,0.39099,0.36241,0.24786,1.39279,2.85029,0.14019,0.90621,1.14514,0.00155148,0.00155148,0.00155148
72,89.5357,1.29221,2.04195,0.31244,0.88591,1.12833,0.43268,0.48969,0.52204,0.31444,0.84148,0.38571,0.34552,0.23631,1.35691,2.92959,0.13832,0.89876,1.11547,0.00154983,0.00154983,0.00154983
73,90.7886,1.29501,1.97677,0.28053,0.87165,1.11395,0.43268,0.48969,0.52204,0.31444,0.84148,0.38571,0.34552,0.23631,1.35691,2.92959,0.13832,0.89876,1.11547,0.00154818,0.00154818,0.00154818
74,92.0463,1.39764,2.17112,0.30519,0.92504,1.13338,0.93952,0.4845,0.51706,0.31546,0.84801,0.38162,0.35007,0.23994,1.36481,2.86816,0.13936,0.90406,1.0982,0.00154653,0.00154653,0.00154653
75,93.2362,1.33822,2.08232,0.27823,0.90094,1.13449,0.93563,0.48341,0.5152,0.30995,0.87569,0.41736,0.39024,0.24553,1.37982,2.709,0.13842,0.90251,1.10308,0.00154488,0.00154488,0.00154488
76,94.4198,1.32672,2.00408,0.29795,0.87755,1.12517,0.44153,0.48095,0.51904,0.30515,0.87501,0.4,0.37613,0.24174,1.38097,2.70311,0.13988,0.90506,1.12294,0.00154323,0.00154323,0.00154323
77,95.5683,1.32526,1.90533,0.2662,0.86373,1.11854,0.44153,0.48095,0.51904,0.30515,0.87501,0.4,0.37613,0.24174,1.38097,2.70311,0.13988,0.90506,1.12294,0.00154157,0.00154157,0.00154157
78,96.7699,1.25857,2.00438,0.29255,0.85613,1.09988,0.93698,0.47619,0.50666,0.29941,0.85496,0.38571,0.35824,0.24417,1.38346,2.7517,0.13566,0.90042,1.13776,0.00153992,0.00153992,0.00153992
79,97.9438,1.30106,1.85923,0.26476,0.89225,1.11449,0.38516,0.57381,0.51011,0.30997,0.86328,0.38095,0.36808,0.24131,1.35778,2.77567,0.1311,0.87682,1.11528,0.00153827,0.00153827,0.00153827
80,99.0781,1.35447,2.17442,0.28436,0.8843,1.13031,0.40437,0.57381,0.52083,0.31499,0.35674,0.48333,0.38062,0.24773,1.38757,2.78669,0.12784,0.88472,1.10608,0.00153662,0.00153662,0.00153662
81,100.21,1.28249,1.93395,0.29571,0.85099,1.12073,0.40437,0.57381,0.52083,0.31499,0.35674,0.48333,0.38062,0.24773,1.38757,2.78669,0.12784,0.88472,1.10608,0.00153497,0.00153497,0.00153497
82,101.384,1.33633,1.87503,0.26014,0.85321,1.12537,0.43752,0.61682,0.52827,0.31545,0.37456,0.51658,0.39147,0.24344,1.41989,2.78458,0.12893,0.88351,1.11067,0.00153332,0.00153332,0.00153332
83,102.519,1.28866,1.90214,0.30224,0.91863,1.10856,0.43598,0.57381,0.52683,0.316,0.37488,0.4881,0.37389,0.23893,1.38908,2.79866,0.13316,0.88722,1.11723,0.00153167,0.00153167,0.00153167
84,103.654,1.27289,2.11042,0.30144,0.84307,1.10763,0.47229,0.56409,0.53223,0.32037,0.40369,0.48415,0.37714,0.23893,1.38816,2.79125,0.13259,0.90388,1.14262,0.00153002,0.00153002,0.00153002
85,104.77,1.34024,2.15131,0.2651,0.90035,1.12262,0.47229,0.56409,0.53223,0.32037,0.40369,0.48415,0.37714,0.23893,1.38816,2.79125,0.13259,0.90388,1.14262,0.00152837,0.00152837,0.00152837
86,105.932,1.34738,1.98808,0.29147,0.90143,1.1285,0.41556,0.53214,0.52536,0.31523,0.3763,0.43214,0.34831,0.22963,1.41287,2.96592,0.1324,0.92407,1.16377,0.00152672,0.00152672,0.00152672
87,107.094,1.34037,1.89769,0.26724,0.87835,1.14277,0.40085,0.53214,0.52241,0.31373,0.35379,0.43214,0.33066,0.20521,1.38433,3.1137,0.12875,0.91248,1.13067,0.00152507,0.00152507,0.00152507
88,108.295,1.28019,1.91349,0.24116,0.87334,1.07845,0.42162,0.53214,0.52824,0.31858,0.35392,0.43214,0.34416,0.21846,1.38572,2.9904,0.12751,0.8937,1.11698,0.00152342,0.00152342,0.00152342
89,109.431,1.314,1.87818,0.2529,0.85098,1.10273,0.42162,0.53214,0.52824,0.31858,0.35392,0.43214,0.34416,0.21846,1.38572,2.9904,0.12751,0.8937,1.11698,0.00152177,0.00152177,0.00152177
90,110.595,1.2591,1.87942,0.28244,0.84258,1.10716,0.37494,0.57857,0.51397,0.31086,0.87665,0.36353,0.34853,0.22657,1.36679,2.9199,0.12891,0.92036,1.11998,0.00152012,0.00152012,0.00152012
91,111.718,1.35152,1.95144,0.27741,0.91664,1.10148,0.4172,0.47986,0.49538,0.29537,0.87745,0.38571,0.34726,0.2352,1.38997,2.85485,0.12823,0.92477,1.14419,0.00151847,0.00151847,0.00151847
92,112.89,1.24317,1.98842,0.34002,0.88769,1.14207,0.92424,0.47997,0.49534,0.29908,0.88198,0.40075,0.3621,0.24878,1.37182,2.71326,0.12533,0.92691,1.13882,0.00151682,0.00151682,0.00151682
93,114.036,1.25447,1.91748,0.27796,0.83656,1.12529,0.92424,0.47997,0.49534,0.29908,0.88198,0.40075,0.3621,0.24878,1.37182,2.71326,0.12533,0.92691,1.13882,0.00151517,0.00151517,0.00151517
94,115.211,1.29762,1.94366,0.31522,0.8509,1.13341,0.93554,0.4826,0.50602,0.3111,0.89344,0.40952,0.37917,0.25426,1.36882,2.50017,0.12448,0.90983,1.12484,0.00151352,0.00151352,0.00151352
95,116.374,1.24224,1.86678,0.29981,0.85661,1.12481,0.94166,0.47619,0.51038,0.30313,0.89951,0.42381,0.40857,0.26674,1.39193,2.29018,0.12751,0.91085,1.12396,0.00151187,0.00151187,0.00151187
96,117.584,1.33216,2.05097,0.25871,0.87442,1.10791,0.94292,0.48035,0.51206,0.30621,0.90217,0.43333,0.42282,0.28132,1.39673,2.2715,0.12893,0.91455,1.12424,0.00151022,0.00151022,0.00151022
97,118.733,1.31232,2.12877,0.28881,0.86737,1.1102,0.94292,0.48035,0.51206,0.30621,0.90217,0.43333,0.42282,0.28132,1.39673,2.2715,0.12893,0.91455,1.12424,0.00150857,0.00150857,0.00150857
98,119.981,1.27797,1.84809,0.23425,0.78422,1.10926,0.41607,0.53214,0.52069,0.31309,0.90629,0.4381,0.42242,0.28505,1.37343,2.28401,0.12624,0.90253,1.13098,0.00150692,0.00150692,0.00150692
99,121.197,1.20918,1.9122,0.24364,0.80937,1.0748,0.50202,0.62024,0.54216,0.32394,0.45616,0.53739,0.42154,0.28293,1.37998,2.43387,0.12245,0.90839,1.14859,0.00150527,0.00150527,0.00150527
100,122.411,1.33193,1.94066,0.25721,0.86113,1.13567,0.62268,0.57512,0.54852,0.33592,0.47906,0.46429,0.37459,0.25022,1.38939,2.87103,0.12417,0.91397,1.1386,0.00150362,0.00150362,0.00150362
101,123.552,1.21374,1.90239,0.26447,0.8732,1.09787,0.62268,0.57512,0.54852,0.33592,0.47906,0.46429,0.37459,0.25022,1.38939,2.87103,0.12417,0.91397,1.1386,0.00150197,0.00150197,0.00150197
102,124.716,1.27457,1.76028,0.26808,0.80781,1.10929,0.46271,0.64762,0.52627,0.32719,0.3947,0.48333,0.38208,0.25297,1.36651,2.78259,0.12354,0.91868,1.12427,0.00150032,0.00150032,0.00150032
103,125.888,1.33629,2.12522,0.25273,0.82137,1.08486,0.52571,0.67585,0.54683,0.33767,0.419,0.5356,0.36793,0.24316,1.34627,2.87323,0.12604,0.88862,1.11469,0.00149867,0.00149867,0.00149867
104,127.06,1.25483,1.89061,0.255,0.81709,1.11302,0.52,0.65714,0.53212,0.33285,0.42563,0.52514,0.38852,0.25099,1.33173,2.88359,0.12718,0.88608,1.10615,0.00149702,0.00149702,0.00149702
105,128.213,1.26395,1.96547,0.23146,0.80289,1.05212,0.52,0.65714,0.53212,0.33285,0.42563,0.52514,0.38852,0.25099,1.33173,2.88359,0.12718,0.88608,1.10615,0.00149537,0.00149537,0.00149537
106,129.385,1.23763,1.99161,0.22034,0.79411,1.06476,0.49289,0.61129,0.51928,0.32463,0.4068,0.51071,0.36766,0.23152,1.32961,2.9154,0.1249,0.91884,1.10614,0.00149372,0.00149372,0.00149372
107,130.551,1.27735,1.78113,0.26769,0.77565,1.0878,0.46417,0.57381,0.51519,0.32365,0.36887,0.45952,0.33427,0.21406,1.30121,3.00979,0.11992,0.89161,1.0973,0.00149207,0.00149207,0.00149207
108,131.734,1.30304,1.86213,0.3384,0.93789,1.18432,0.4557,0.57381,0.5136,0.31601,0.34421,0.4131,0.33446,0.22744,1.33342,3.08146,0.11712,0.86891,1.09483,0.00149041,0.00149041,0.00149041
109,132.844,1.35736,1.96875,0.20048,0.80649,1.08528,0.4557,0.57381,0.5136,0.31601,0.34421,0.4131,0.33446,0.22744,1.33342,3.08146,0.11712,0.86891,1.09483,0.00148876,0.00148876,0.00148876
110,134.002,1.27745,1.80663,0.2436,0.87152,1.08378,0.43965,0.52738,0.51804,0.3077,0.38016,0.42262,0.35751,0.24672,1.39741,2.90694,0.11414,0.87593,1.10759,0.00148711,0.00148711,0.00148711
111,135.159,1.24524,1.82562,0.26864,0.84326,1.08839,0.41559,0.53214,0.53946,0.32429,0.43264,0.45595,0.40332,0.27928,1.41846,2.53405,0.11419,0.87168,1.11496,0.00148546,0.00148546,0.00148546
112,136.302,1.19295,1.88909,0.25097,0.79775,1.06532,0.43651,0.57857,0.54001,0.32837,0.40137,0.5119,0.41664,0.29141,1.39795,2.35109,0.11616,0.86682,1.11848,0.00148381,0.00148381,0.00148381
113,137.459,1.37059,1.70005,0.23157,0.81863,1.18137,0.43651,0.57857,0.54001,0.32837,0.40137,0.5119,0.41664,0.29141,1.39795,2.35109,0.11616,0.86682,1.11848,0.00148216,0.00148216,0.00148216
114,138.654,1.33638,2.05337,0.29665,0.87144,1.16287,0.41925,0.57857,0.51795,0.32035,0.37259,0.5119,0.40506,0.27736,1.36969,2.35533,0.11571,0.89267,1.10848,0.00148051,0.00148051,0.00148051
115,139.838,1.22406,1.9414,0.24677,0.80668,1.08648,0.40313,0.57857,0.51821,0.32149,0.36562,0.51667,0.41165,0.28284,1.37048,2.42206,0.11361,0.92833,1.10553,0.00147886,0.00147886,0.00147886
116,141.002,1.29894,1.73219,0.26296,0.82444,1.1324,0.91538,0.48571,0.50889,0.30814,0.86752,0.43333,0.39665,0.27997,1.42315,2.44387,0.11051,0.96819,1.11847,0.00147721,0.00147721,0.00147721
117,142.148,1.37813,2.01403,0.27368,0.82967,1.09016,0.91538,0.48571,0.50889,0.30814,0.86752,0.43333,0.39665,0.27997,1.42315,2.44387,0.11051,0.96819,1.11847,0.00147556,0.00147556,0.00147556
118,143.35,1.31973,1.98449,0.27613,0.82626,1.09374,0.92196,0.4892,0.51117,0.31704,0.86058,0.40641,0.38524,0.27362,1.38972,2.61382,0.10961,0.96497,1.11447,0.00147391,0.00147391,0.00147391
119,144.531,1.23099,1.70907,0.25418,0.77359,1.1101,0.93862,0.48095,0.51618,0.32865,0.88861,0.39872,0.37866,0.27147,1.3288,2.67448,0.1105,0.89872,1.10074,0.00147226,0.00147226,0.00147226
120,145.715,1.20923,1.79565,0.25881,0.84432,1.08338,0.95039,0.47558,0.53011,0.32225,0.89765,0.40476,0.40611,0.28696,1.38184,2.47574,0.11006,0.89248,1.14309,0.00147061,0.00147061,0.00147061
121,147.206,1.27916,1.66844,0.24301,0.7995,1.10539,0.95039,0.47558,0.53011,0.32225,0.89765,0.40476,0.40611,0.28696,1.38184,2.47574,0.11006,0.89248,1.14309,0.00146896,0.00146896,0.00146896
122,148.375,1.26995,1.68723,0.24377,0.74912,1.11668,0.95021,0.47619,0.52831,0.32482,0.90115,0.40583,0.39962,0.26284,1.40612,2.46498,0.11099,0.89647,1.15838,0.00146731,0.00146731,0.00146731
123,149.522,1.20319,1.79963,0.23162,0.74505,1.08009,0.94992,0.47619,0.52229,0.32236,0.89259,0.40032,0.39909,0.26692,1.39267,2.50511,0.11008,0.88976,1.14536,0.00146566,0.00146566,0.00146566
124,150.715,1.2262,1.7475,0.26083,0.80391,1.11549,0.94247,0.47608,0.52368,0.32445,0.88924,0.39048,0.40265,0.26919,1.38778,2.59633,0.11074,0.89224,1.13923,0.00146401,0.00146401,0.00146401
125,151.861,1.29363,1.82601,0.28694,0.78857,1.10596,0.94247,0.47608,0.52368,0.32445,0.88924,0.39048,0.40265,0.26919,1.38778,2.59633,0.11074,0.89224,1.13923,0.00146236,0.00146236,0.00146236
126,153.053,1.22028,1.74281,0.23301,0.7276,1.07057,0.94229,0.47143,0.52351,0.32087,0.87284,0.39524,0.38879,0.2778,1.38437,2.67583,0.11021,0.89946,1.14012,0.00146071,0.00146071,0.00146071
127,154.2,1.25751,1.63956,0.24523,0.75485,1.06499,0.42178,0.57381,0.53613,0.32412,0.34217,0.4552,0.4005,0.28246,1.3855,2.75625,0.10985,0.90473,1.14187,0.00145906,0.00145906,0.00145906
128,155.387,1.21164,1.86478,0.23839,0.76885,1.07059,0.43029,0.62024,0.52811,0.32264,0.34775,0.47381,0.37645,0.26037,1.39251,2.91728,0.11158,0.90418,1.14516,0.00145741,0.00145741,0.00145741
129,156.528,1.24954,1.66132,0.23652,0.8026,1.13156,0.43029,0.62024,0.52811,0.32264,0.34775,0.47381,0.37645,0.26037,1.39251,2.91728,0.11158,0.90418,1.14516,0.00145576,0.00145576,0.00145576
130,157.714,1.25046,1.67403,0.24561,0.76251,1.07303,0.43538,0.69949,0.5194,0.32341,0.35636,0.46429,0.34584,0.23927,1.36041,3.0129,0.11256,0.91271,1.12004,0.00145411,0.00145411,0.00145411
131,158.902,1.23262,1.8054,0.26597,0.74743,1.096,0.45338,0.6767,0.51565,0.3202,0.36033,0.48214,0.34129,0.22777,1.33418,3.06937,0.1127,0.95781,1.09513,0.00145246,0.00145246,0.00145246
132,160.079,1.20958,1.58884,0.2497,0.7446,1.09572,0.45581,0.73921,0.50538,0.31779,0.39048,0.42798,0.33267,0.21979,1.32403,3.1514,0.11283,1.00953,1.08959,0.00145081,0.00145081,0.00145081
133,161.217,1.28192,1.74024,0.26271,0.75362,1.09871,0.45581,0.73921,0.50538,0.31779,0.39048,0.42798,0.33267,0.21979,1.32403,3.1514,0.11283,1.00953,1.08959,0.00144916,0.00144916,0.00144916
134,162.384,1.15898,1.73154,0.26162,0.73352,1.04669,0.51618,0.64048,0.52253,0.32964,0.41897,0.47143,0.3662,0.23738,1.32928,2.99177,0.11137,0.97957,1.09814,0.00144751,0.00144751,0.00144751
135,163.546,1.21142,1.74541,0.28033,0.78607,1.07937,0.50779,0.67024,0.55827,0.34786,0.43546,0.4869,0.37724,0.25399,1.33499,2.92458,0.10903,0.87957,1.10614,0.00144586,0.00144586,0.00144586
136,164.791,1.19921,1.66866,0.29304,0.77415,1.09011,0.4532,0.6321,0.55258,0.33567,0.37338,0.51071,0.38118,0.26858,1.36885,2.80837,0.10794,0.91059,1.1111,0.00144421,0.00144421,0.00144421
137,165.932,1.1469,1.64745,0.21728,0.72035,1.0283,0.4532,0.6321,0.55258,0.33567,0.37338,0.51071,0.38118,0.26858,1.36885,2.80837,0.10794,0.91059,1.1111,0.00144256,0.00144256,0.00144256
138,167.138,1.2128,1.71672,0.23218,0.72545,1.07559,0.93477,0.47619,0.55003,0.32867,0.86384,0.39524,0.3953,0.27326,1.4145,2.67541,0.10454,0.9108,1.13175,0.0014409,0.0014409,0.0014409
139,168.313,1.25559,1.5567,0.23893,0.7343,1.09362,0.93515,0.47926,0.56096,0.33107,0.86285,0.39524,0.39056,0.2742,1.39755,2.64847,0.10265,0.92874,1.12387,0.00143925,0.00143925,0.00143925
140,169.467,1.21247,1.73325,0.21655,0.74148,1.07569,0.93251,0.48095,0.55516,0.34374,0.87199,0.40132,0.40558,0.26846,1.36116,2.62711,0.10274,0.93119,1.10913,0.0014376,0.0014376,0.0014376
141,170.599,1.21781,1.64566,0.24894,0.73746,1.07904,0.93251,0.48095,0.55516,0.34374,0.87199,0.40132,0.40558,0.26846,1.36116,2.62711,0.10274,0.93119,1.10913,0.00143595,0.00143595,0.00143595
142,171.756,1.21589,1.55411,0.26807,0.74798,1.1049,0.93178,0.4822,0.55215,0.34146,0.88801,0.4,0.40232,0.26955,1.34721,2.63194,0.103,0.91526,1.10919,0.0014343,0.0014343,0.0014343
143,172.926,1.15931,1.44063,0.23473,0.71895,1.07529,0.42497,0.5369,0.53414,0.33358,0.35253,0.44167,0.38366,0.26127,1.37175,2.71958,0.1039,0.90516,1.12188,0.00143265,0.00143265,0.00143265
144,174.092,1.19529,1.57832,0.28169,0.78242,1.11289,0.53009,0.62024,0.6037,0.36677,0.47658,0.49286,0.4367,0.28635,1.40737,2.63774,0.1039,0.86949,1.13196,0.001431,0.001431,0.001431
145,175.256,1.19976,1.75094,0.23096,0.71632,1.05469,0.53009,0.62024,0.6037,0.36677,0.47658,0.49286,0.4367,0.28635,1.40737,2.63774,0.1039,0.86949,1.13196,0.00142935,0.00142935,0.00142935
146,176.455,1.24135,1.69531,0.26275,0.76124,1.09208,0.50496,0.57857,0.59223,0.36018,0.49179,0.49286,0.43285,0.291,1.41859,2.62455,0.10469,0.90158,1.1326,0.0014277,0.0014277,0.0014277
147,177.641,1.22708,1.8213,0.22579,0.77678,1.08766,0.56917,0.53214,0.57912,0.3596,0.51326,0.46071,0.45299,0.29742,1.40023,2.58054,0.10532,0.90282,1.13081,0.00142605,0.00142605,0.00142605
148,178.849,1.16317,1.46944,0.21708,0.69899,1.03702,0.54993,0.57381,0.53898,0.32383,0.5333,0.49286,0.41409,0.29119,1.4192,2.57565,0.10492,0.93256,1.14642,0.0014244,0.0014244,0.0014244
149,180.007,1.19924,1.65977,0.24884,0.7498,1.06181,0.54993,0.57381,0.53898,0.32383,0.5333,0.49286,0.41409,0.29119,1.4192,2.57565,0.10492,0.93256,1.14642,0.00142275,0.00142275,0.00142275
150,181.2,1.18157,1.54193,0.20782,0.74389,1.05062,0.48734,0.57381,0.52443,0.31945,0.42396,0.48333,0.39338,0.26993,1.42185,2.8279,0.10228,0.94224,1.15395,0.0014211,0.0014211,0.0014211
151,182.405,1.18923,1.57454,0.22461,0.74779,1.07349,0.59844,0.57857,0.56999,0.34514,0.48655,0.46429,0.39786,0.26279,1.38454,2.96501,0.10129,0.90676,1.11617,0.00141945,0.00141945,0.00141945
152,183.635,1.17546,1.71498,0.21477,0.80219,1.04007,0.73623,0.55619,0.59874,0.3623,0.66698,0.45,0.41188,0.27619,1.37472,2.81052,0.10091,0.85993,1.10873,0.0014178,0.0014178,0.0014178
153,184.786,1.14098,1.87166,0.25452,0.7645,1.06475,0.73623,0.55619,0.59874,0.3623,0.66698,0.45,0.41188,0.27619,1.37472,2.81052,0.10091,0.85993,1.10873,0.00141615,0.00141615,0.00141615
154,185.982,1.14326,1.7399,0.27803,0.75659,1.05397,0.62097,0.6,0.65166,0.39556,0.54043,0.42149,0.44892,0.30587,1.3748,2.54407,0.10192,0.87162,1.10432,0.0014145,0.0014145,0.0014145
155,187.19,1.26351,1.70452,0.24387,0.77732,1.07351,0.46661,0.62262,0.62367,0.38425,0.39461,0.4869,0.43072,0.28953,1.39043,2.68792,0.10611,1.041,1.11774,0.00141285,0.00141285,0.00141285
156,188.375,1.22343,1.70279,0.22138,0.7705,1.06675,0.44133,0.7119,0.59759,0.36521,0.40826,0.4869,0.40837,0.2673,1.42411,2.8034,0.11019,1.09622,1.11257,0.0014112,0.0014112,0.0014112
157,189.524,1.14587,1.89304,0.27088,0.8154,1.05564,0.44133,0.7119,0.59759,0.36521,0.40826,0.4869,0.40837,0.2673,1.42411,2.8034,0.11019,1.09622,1.11257,0.00140955,0.00140955,0.00140955
158,190.723,1.18727,1.57541,0.24253,0.72945,1.04628,0.52882,0.60119,0.55869,0.32932,0.59886,0.42262,0.41417,0.27404,1.47455,2.57814,0.10862,0.92027,1.12299,0.0014079,0.0014079,0.0014079
159,191.91,1.24557,1.64102,0.27566,0.72392,1.11284,0.44567,0.57381,0.5361,0.30488,0.36047,0.47024,0.41233,0.2696,1.52751,2.41349,0.10731,0.94434,1.14076,0.00140625,0.00140625,0.00140625
160,193.097,1.17868,1.64999,0.24103,0.72214,1.07447,0.92447,0.48172,0.52875,0.29668,0.89308,0.42015,0.42529,0.28656,1.54501,2.26513,0.10593,0.99838,1.15551,0.0014046,0.0014046,0.0014046
161,194.256,1.19335,1.59017,0.21851,0.70586,1.04367,0.92447,0.48172,0.52875,0.29668,0.89308,0.42015,0.42529,0.28656,1.54501,2.26513,0.10593,0.99838,1.15551,0.00140295,0.00140295,0.00140295
162,195.46,1.20758,1.6227,0.20094,0.72628,1.04424,0.94364,0.48727,0.53503,0.30711,0.8973,0.42372,0.42551,0.28614,1.50539,2.31491,0.10433,0.99601,1.1552,0.0014013,0.0014013,0.0014013
163,196.663,1.21752,1.78702,0.25077,0.76025,1.11203,0.94359,0.4868,0.54197,0.31023,0.90225,0.43111,0.42685,0.2887,1.47474,2.24396,0.10129,1.00612,1.15107,0.00139965,0.00139965,0.00139965
164,197.878,1.22473,1.86331,0.20706,0.78243,1.04456,0.93956,0.48095,0.52664,0.31266,0.89381,0.42857,0.41753,0.29122,1.46594,2.26906,0.09952,1.01447,1.14852,0.001398,0.001398,0.001398
165,199.069,1.21279,1.68506,0.24768,0.76723,1.08176,0.93956,0.48095,0.52664,0.31266,0.89381,0.42857,0.41753,0.29122,1.46594,2.26906,0.09952,1.01447,1.14852,0.00139635,0.00139635,0.00139635
166,200.355,1.19396,1.70339,0.24311,0.75296,1.03715,0.45638,0.5369,0.53043,0.31677,0.89619,0.4,0.41942,0.29188,1.4337,2.29381,0.10064,0.99325,1.12631,0.0013947,0.0013947,0.0013947
167,201.611,1.23807,1.7423,0.23523,0.75094,1.05821,0.51154,0.57619,0.50976,0.29716,0.41975,0.44048,0.38887,0.25742,1.39665,2.58603,0.1041,1.08207,1.11534,0.00139305,0.00139305,0.00139305
168,202.831,1.18538,1.77452,0.25047,0.72616,1.04689,0.40844,0.77614,0.496,0.30294,0.32475,0.56071,0.34354,0.23324,1.40537,2.85375,0.10733,1.50046,1.13089,0.00139139,0.00139139,0.00139139
169,203.999,1.21799,1.65363,0.19842,0.75231,1.02062,0.40844,0.77614,0.496,0.30294,0.32475,0.56071,0.34354,0.23324,1.40537,2.85375,0.10733,1.50046,1.13089,0.00138974,0.00138974,0.00138974
170,205.187,1.1287,1.65563,0.27652,0.8549,1.02915,0.40743,0.76548,0.5024,0.30148,0.31133,0.50428,0.33899,0.22915,1.40313,2.93146,0.11019,1.59243,1.1348,0.00138809,0.00138809,0.00138809
171,206.344,1.12945,1.69572,0.28951,0.78973,1.06659,0.41486,0.77012,0.5469,0.33266,0.39119,0.45238,0.36416,0.24787,1.39645,2.81215,0.10986,1.39081,1.12786,0.00138644,0.00138644,0.00138644
172,207.531,1.16746,1.72709,0.23448,0.77043,1.05514,0.51747,0.64734,0.57651,0.35166,0.43216,0.51195,0.39436,0.27421,1.40382,2.61827,0.10572,1.03097,1.10825,0.00138479,0.00138479,0.00138479
173,208.685,1.15294,1.6467,0.23746,0.73572,1.04376,0.51747,0.64734,0.57651,0.35166,0.43216,0.51195,0.39436,0.27421,1.40382,2.61827,0.10572,1.03097,1.10825,0.00138314,0.00138314,0.00138314
174,209.86,1.18751,1.61431,0.24262,0.75346,1.04538,0.54729,0.56381,0.55532,0.32754,0.40712,0.51667,0.4307,0.29778,1.45793,2.25687,0.10293,0.87513,1.11204,0.00138149,0.00138149,0.00138149
175,211.025,1.131,1.4938,0.22885,0.70919,1.02407,0.41036,0.54233,0.52458,0.30641,0.90687,0.42857,0.4242,0.30278,1.45376,2.10011,0.10337,0.88524,1.11272,0.00137984,0.00137984,0.00137984
176,212.214,1.14325,1.46285,0.24096,0.68597,1.05133,0.94058,0.48095,0.51903,0.31716,0.90558,0.44286,0.43844,0.31535,1.41078,2.03713,0.10277,0.90823,1.10011,0.00137819,0.00137819,0.00137819
177,213.396,1.17314,1.57066,0.20245,0.72705,1.06792,0.94058,0.48095,0.51903,0.31716,0.90558,0.44286,0.43844,0.31535,1.41078,2.03713,0.10277,0.90823,1.10011,0.00137654,0.00137654,0.00137654
178,214.603,1.14381,1.53862,0.2355,0.73978,1.04573,0.94237,0.48571,0.53001,0.32309,0.90896,0.44922,0.45388,0.32321,1.40531,2.0471,0.10108,0.92624,1.10305,0.00137489,0.00137489,0.00137489
179,215.779,1.17656,1.63361,0.21153,0.70503,1.05232,0.93638,0.49048,0.54051,0.32801,0.90621,0.44286,0.44517,0.31931,1.40197,2.08365,0.09967,0.9291,1.10701,0.00137324,0.00137324,0.00137324
180,216.946,1.17908,1.53933,0.23479,0.7283,1.05424,0.43863,0.49048,0.5436,0.33828,0.90767,0.44286,0.43512,0.31259,1.38567,2.13425,0.09852,0.88707,1.10925,0.00137159,0.00137159,0.00137159
181,218.094,1.11994,1.47482,0.1905,0.66574,1.0127,0.43863,0.49048,0.5436,0.33828,0.90767,0.44286,0.43512,0.31259,1.38567,2.13425,0.09852,0.88707,1.10925,0.00136994,0.00136994,0.00136994
182,219.27,1.19015,1.6026,0.20756,0.70992,1.04357,0.43658,0.58333,0.53802,0.34461,0.34077,0.475,0.41503,0.29893,1.37259,2.21078,0.09796,0.8524,1.11065,0.00136829,0.00136829,0.00136829
183,220.44,1.17867,1.47684,0.25605,0.79079,1.06835,0.4194,0.625,0.51198,0.32083,0.35138,0.48422,0.40798,0.28851,1.35782,2.2809,0.09818,0.86816,1.11106,0.00136664,0.00136664,0.00136664
184,221.626,1.15288,1.47995,0.24807,0.71593,1.03155,0.3977,0.70833,0.49898,0.30374,0.38447,0.38032,0.37125,0.26846,1.38076,2.58703,0.10123,0.97409,1.11704,0.00136499,0.00136499,0.00136499
185,222.766,1.15599,1.45899,0.23033,0.69727,1.04858,0.3977,0.70833,0.49898,0.30374,0.38447,0.38032,0.37125,0.26846,1.38076,2.58703,0.10123,0.97409,1.11704,0.00136334,0.00136334,0.00136334
186,223.934,1.14073,1.5038,0.24959,0.73056,1.06313,0.42836,0.55952,0.48681,0.29132,0.39606,0.34762,0.35966,0.25323,1.42401,2.8456,0.10474,1.03306,1.12814,0.00136169,0.00136169,0.00136169
187,225.117,1.20034,1.52911,0.26338,0.73007,1.06339,0.43743,0.54048,0.47994,0.28729,0.34733,0.4131,0.35571,0.24672,1.43672,2.9863,0.10696,1.05494,1.13212,0.00136004,0.00136004,0.00136004
188,226.292,1.18044,1.57275,0.21929,0.71578,1.03424,0.43922,0.55476,0.49298,0.29406,0.36681,0.40833,0.35798,0.25794,1.42625,2.97216,0.10653,1.00472,1.13252,0.00135839,0.00135839,0.00135839
189,227.448,1.1639,1.58538,0.26328,0.75441,1.08523,0.43922,0.55476,0.49298,0.29406,0.36681,0.40833,0.35798,0.25794,1.42625,2.97216,0.10653,1.00472,1.13252,0.00135674,0.00135674,0.00135674
190,228.646,1.10811,1.69393,0.23896,0.70806,1.02621,0.40212,0.57381,0.50484,0.30354,0.34316,0.4369,0.36774,0.27,1.41029,2.82804,0.10469,0.93671,1.13511,0.00135509,0.00135509,0.00135509
191,229.841,1.15508,1.66415,0.23118,0.70502,1.03775,0.39869,0.54167,0.52242,0.31236,0.37626,0.39098,0.37735,0.2784,1.40023,2.63529,0.10087,0.91531,1.13265,0.00135344,0.00135344,0.00135344
192,231.061,1.16235,1.59363,0.24601,0.80041,1.06513,0.4193,0.49486,0.52355,0.31724,0.38394,0.39385,0.38371,0.2832,1.37922,2.60576,0.09904,0.89581,1.12356,0.00135179,0.00135179,0.00135179
193,232.213,1.19985,1.5391,0.25503,0.84741,1.10762,0.4193,0.49486,0.52355,0.31724,0.38394,0.39385,0.38371,0.2832,1.37922,2.60576,0.09904,0.89581,1.12356,0.00135014,0.00135014,0.00135014
194,233.412,1.1582,1.54261,0.23396,0.70267,1.04594,0.94126,0.46667,0.51569,0.31633,0.90295,0.39543,0.40111,0.29081,1.36382,2.44287,0.09765,0.89998,1.1135,0.00134849,0.00134849,0.00134849
195,234.593,1.07488,1.37179,0.20408,0.67066,1.01626,0.94373,0.46667,0.50713,0.30913,0.89319,0.40476,0.38682,0.28387,1.37289,2.45511,0.09676,0.9047,1.12378,0.00134684,0.00134684,0.00134684
196,235.784,1.13563,1.53704,0.26738,0.74142,1.06842,0.94058,0.48571,0.50375,0.29859,0.90155,0.39524,0.38279,0.2815,1.41503,2.44612,0.09669,0.91214,1.13854,0.00134519,0.00134519,0.00134519
197,236.901,1.17823,1.5729,0.21596,0.69541,1.02787,0.94058,0.48571,0.50375,0.29859,0.90155,0.39524,0.38279,0.2815,1.41503,2.44612,0.09669,0.91214,1.13854,0.00134354,0.00134354,0.00134354
198,238.09,1.12645,1.47214,0.24503,0.71732,1.05864,0.94566,0.46867,0.49798,0.28943,0.90375,0.39952,0.38216,0.27616,1.44719,2.47376,0.09804,0.93401,1.1471,0.00134188,0.00134188,0.00134188
199,239.263,1.09116,1.44895,0.25273,0.69102,1.0398,0.41007,0.49942,0.49525,0.27669,0.88561,0.38526,0.36382,0.26087,1.48415,2.49118,0.09962,0.94019,1.15889,0.00134023,0.00134023,0.00134023
200,240.426,1.17218,1.60651,0.22673,0.75508,1.05439,0.40588,0.5,0.49892,0.27687,0.3739,0.39048,0.37654,0.26359,1.49097,2.46026,0.10208,0.91892,1.18224,0.00133858,0.00133858,0.00133858
201,241.557,1.17466,1.59566,0.2017,0.68907,1.0179,0.40588,0.5,0.49892,0.27687,0.3739,0.39048,0.37654,0.26359,1.49097,2.46026,0.10208,0.91892,1.18224,0.00133693,0.00133693,0.00133693
202,242.744,1.1209,1.36728,0.26221,0.6987,1.0751,0.41517,0.48939,0.49953,0.27968,0.38736,0.38571,0.37116,0.25893,1.47456,2.40219,0.10392,0.92273,1.18731,0.00133528,0.00133528,0.00133528
203,243.938,1.16137,1.59321,0.24094,0.75459,1.04512,0.92615,0.48095,0.50475,0.29104,0.90325,0.39524,0.38442,0.27206,1.45521,2.2647,0.10538,0.90101,1.16092,0.00133363,0.00133363,0.00133363
204,245.15,1.09434,1.36126,0.19782,0.66663,1.0207,0.39347,0.53039,0.50044,0.29974,0.33976,0.45896,0.38368,0.27334,1.43526,2.23286,0.10521,0.88658,1.13678,0.00133198,0.00133198,0.00133198
205,246.288,1.16789,1.45603,0.22719,0.67774,1.05951,0.39347,0.53039,0.50044,0.29974,0.33976,0.45896,0.38368,0.27334,1.43526,2.23286,0.10521,0.88658,1.13678,0.00133033,0.00133033,0.00133033
206,247.495,1.15803,1.6653,0.21321,0.73458,1.02495,0.43402,0.52738,0.50157,0.30342,0.38065,0.46071,0.39405,0.27802,1.41957,2.21192,0.10574,0.88511,1.12895,0.00132868,0.00132868,0.00132868
207,248.681,1.22569,1.46141,0.24995,0.71717,1.13336,0.45233,0.57857,0.50755,0.30793,0.39203,0.47024,0.39562,0.27153,1.40603,2.30745,0.10525,0.87512,1.13732,0.00132703,0.00132703,0.00132703
208,249.874,1.14064,1.44023,0.2147,0.66761,1.05599,0.42118,0.62024,0.50987,0.30723,0.38817,0.45595,0.383,0.26258,1.41518,2.44209,0.10532,0.87649,1.13847,0.00132538,0.00132538,0.00132538
209,251.05,1.13829,1.45858,0.19447,0.67895,1.02345,0.42118,0.62024,0.50987,0.30723,0.38817,0.45595,0.383,0.26258,1.41518,2.44209,0.10532,0.87649,1.13847,0.00132373,0.00132373,0.00132373
210,252.232,1.16562,1.51172,0.23033,0.69165,1.06376,0.48908,0.53214,0.5182,0.31315,0.42636,0.45595,0.38292,0.2778,1.42259,2.40029,0.10372,0.86304,1.12501,0.00132208,0.00132208,0.00132208
211,253.412,1.16924,1.48388,0.23999,0.70506,1.05656,0.56987,0.53065,0.54194,0.32138,0.51487,0.45595,0.3916,0.28628,1.43002,2.42594,0.10206,0.86969,1.12262,0.00132043,0.00132043,0.00132043
212,254.589,1.1126,1.4535,0.25614,0.67266,1.02688,0.46522,0.65903,0.53621,0.31891,0.52393,0.46548,0.40217,0.28392,1.42,2.41099,0.09951,0.87389,1.13299,0.00131878,0.00131878,0.00131878
213,255.76,1.14365,1.48872,0.22233,0.69985,1.039,0.46522,0.65903,0.53621,0.31891,0.52393,0.46548,0.40217,0.28392,1.42,2.41099,0.09951,0.87389,1.13299,0.00131713,0.00131713,0.00131713
214,256.941,1.13236,1.4272,0.18433,0.66896,1.01071,0.48031,0.6619,0.53478,0.3193,0.40909,0.53452,0.39645,0.28756,1.39719,2.42505,0.09828,0.87131,1.12886,0.00131548,0.00131548,0.00131548
215,258.108,1.13905,1.27809,0.20466,0.68987,1.03148,0.47375,0.64762,0.52814,0.31351,0.41887,0.49286,0.38237,0.2841,1.39716,2.4346,0.09785,0.898,1.12481,0.00131383,0.00131383,0.00131383
216,259.3,1.14189,1.37908,0.19984,0.67891,1.02736,0.53324,0.58371,0.52686,0.31589,0.45739,0.4869,0.3783,0.27178,1.39981,2.74565,0.09993,1.01492,1.12571,0.00131218,0.00131218,0.00131218
217,260.516,1.1457,1.53069,0.19462,0.6918,1.02208,0.53324,0.58371,0.52686,0.31589,0.45739,0.4869,0.3783,0.27178,1.39981,2.74565,0.09993,1.01492,1.12571,0.00131053,0.00131053,0.00131053
218,261.7,1.14805,1.45502,0.23134,0.67255,1.05823,0.53797,0.59814,0.53989,0.3204,0.45493,0.43154,0.3726,0.27305,1.40196,2.82089,0.10148,1.05817,1.12956,0.00130888,0.00130888,0.00130888
219,262.885,1.13495,1.4073,0.22558,0.68289,1.0473,0.52542,0.62826,0.53125,0.31,0.42225,0.47262,0.36905,0.26973,1.42405,2.93288,0.10298,1.01867,1.14623,0.00130723,0.00130723,0.00130723
220,264.124,1.09935,1.51272,0.21353,0.7138,1.03893,0.55639,0.65595,0.55148,0.32025,0.4259,0.49643,0.37946,0.27868,1.43986,2.91214,0.10238,0.97448,1.14427,0.00130558,0.00130558,0.00130558
221,265.298,1.09384,1.40737,0.22551,0.68823,1.03807,0.55639,0.65595,0.55148,0.32025,0.4259,0.49643,0.37946,0.27868,1.43986,2.91214,0.10238,0.97448,1.14427,0.00130393,0.00130393,0.00130393
222,266.482,1.05411,1.41687,0.19062,0.63359,1.02063,0.51653,0.65119,0.53087,0.31571,0.40607,0.49643,0.37737,0.28095,1.44822,2.85007,0.10299,0.98215,1.14764,0.00130228,0.00130228,0.00130228
223,267.688,1.09915,1.41356,0.2168,0.66032,1.04923,0.48372,0.68904,0.52209,0.30793,0.4004,0.43338,0.36582,0.26905,1.45961,2.8962,0.10362,1.0048,1.1531,0.00130063,0.00130063,0.00130063
224,268.861,1.14132,1.44849,0.20433,0.66747,1.02014,0.47061,0.66958,0.5075,0.29743,0.36882,0.47183,0.35208,0.26123,1.45799,2.99031,0.10363,1.09719,1.15067,0.00129898,0.00129898,0.00129898
225,270.028,1.11704,1.41339,0.18642,0.66107,1.01377,0.47061,0.66958,0.5075,0.29743,0.36882,0.47183,0.35208,0.26123,1.45799,2.99031,0.10363,1.09719,1.15067,0.00129733,0.00129733,0.00129733
226,271.216,1.12274,1.33723,0.1976,0.66796,1.03876,0.45547,0.64524,0.49241,0.28781,0.40187,0.48571,0.36265,0.26327,1.43408,2.95791,0.10466,1.17207,1.13874,0.00129568,0.00129568,0.00129568
227,272.382,1.10682,1.44825,0.21982,0.67312,1.02381,0.40549,0.63082,0.45779,0.27295,0.40016,0.4381,0.34174,0.24205,1.39864,3.03302,0.11063,1.50358,1.12286,0.00129403,0.00129403,0.00129403
228,273.59,1.09879,1.33812,0.25236,0.64898,1.0428,0.44586,0.62976,0.49239,0.29858,0.4086,0.4727,0.36679,0.24354,1.39373,3.11568,0.11538,1.69484,1.10786,0.00129238,0.00129238,0.00129238
229,274.757,1.06469,1.27623,0.19579,0.64881,1.04043,0.44586,0.62976,0.49239,0.29858,0.4086,0.4727,0.36679,0.24354,1.39373,3.11568,0.11538,1.69484,1.10786,0.00129072,0.00129072,0.00129072
230,275.955,1.08213,1.49491,0.20743,0.68462,1.01079,0.41989,0.63618,0.49736,0.31048,0.40843,0.48056,0.36393,0.24542,1.37638,3.09368,0.11146,1.40484,1.10069,0.00128907,0.00128907,0.00128907
231,277.124,1.08701,1.30147,0.18795,0.66286,1.01873,0.47531,0.69816,0.51883,0.31963,0.38273,0.4869,0.37203,0.27209,1.34551,2.79388,0.10372,0.97416,1.10188,0.00128742,0.00128742,0.00128742
232,278.31,1.08562,1.30823,0.26239,0.6587,1.04746,0.42868,0.61444,0.52931,0.32728,0.34334,0.48333,0.39013,0.2936,1.36052,2.64223,0.10025,0.9066,1.11407,0.00128577,0.00128577,0.00128577
233,279.441,1.03801,1.34133,0.18044,0.62778,1.02089,0.42868,0.61444,0.52931,0.32728,0.34334,0.48333,0.39013,0.2936,1.36052,2.64223,0.10025,0.9066,1.11407,0.00128412,0.00128412,0.00128412
234,280.606,1.077,1.32572,0.18223,0.62434,1.00576,0.41718,0.53214,0.53412,0.31967,0.36923,0.40336,0.39675,0.30266,1.38685,2.54761,0.09915,0.92472,1.12037,0.00128247,0.00128247,0.00128247
235,281.777,1.09623,1.34689,0.19337,0.64829,0.99805,0.44065,0.55507,0.54346,0.32015,0.39041,0.37619,0.40364,0.3069,1.41143,2.49248,0.09903,0.9399,1.12342,0.00128082,0.00128082,0.00128082
236,282.982,1.10617,1.55581,0.1992,0.64684,1.0294,0.44043,0.56858,0.53435,0.31264,0.38907,0.38571,0.39596,0.29812,1.42838,2.3956,0.09928,0.94106,1.13215,0.00127917,0.00127917,0.00127917
237,284.14,1.08151,1.43355,0.21113,0.6537,1.0346,0.44043,0.56858,0.53435,0.31264,0.38907,0.38571,0.39596,0.29812,1.42838,2.3956,0.09928,0.94106,1.13215,0.00127752,0.00127752,0.00127752
238,285.315,1.11748,1.42764,0.22484,0.65696,1.04458,0.4237,0.56468,0.53627,0.30992,0.39436,0.40476,0.42086,0.30668,1.44113,2.2756,0.09957,0.92127,1.13245,0.00127587,0.00127587,0.00127587
239,286.488,1.06828,1.42123,0.22329,0.63747,1.02045,0.46496,0.61071,0.52787,0.30721,0.38744,0.5119,0.42616,0.30623,1.47156,2.32319,0.09954,0.91152,1.14713,0.00127422,0.00127422,0.00127422
240,287.673,1.12194,1.41283,0.20759,0.67326,1.0235,0.44533,0.60595,0.52506,0.31313,0.36314,0.49286,0.41225,0.30091,1.4258,2.4181,0.09883,0.91341,1.13384,0.00127257,0.00127257,0.00127257
241,288.811,1.06726,1.4049,0.20495,0.64831,1.00807,0.44533,0.60595,0.52506,0.31313,0.36314,0.49286,0.41225,0.30091,1.4258,2.4181,0.09883,0.91341,1.13384,0.00127092,0.00127092,0.00127092
242,289.984,1.05877,1.34576,0.20876,0.63586,1.02686,0.41996,0.60595,0.52134,0.31783,0.35351,0.4881,0.406,0.29785,1.395,2.48683,0.09725,0.93474,1.12887,0.00126927,0.00126927,0.00126927
243,291.238,1.04656,1.32229,0.22542,0.63437,1.03132,0.47959,0.66624,0.52121,0.31833,0.37368,0.4904,0.40595,0.29278,1.40714,2.53949,0.09739,0.97004,1.14454,0.00126762,0.00126762,0.00126762
244,292.475,1.13901,1.39251,0.19654,0.65471,1.03227,0.50429,0.68452,0.53,0.31912,0.40732,0.53452,0.40788,0.29887,1.41059,2.43365,0.09781,0.96652,1.142,0.00126597,0.00126597,0.00126597
245,293.65,1.11209,1.27966,0.25126,0.66708,1.03918,0.50429,0.68452,0.53,0.31912,0.40732,0.53452,0.40788,0.29887,1.41059,2.43365,0.09781,0.96652,1.142,0.00126432,0.00126432,0.00126432
246,294.832,1.07133,1.46218,0.22668,0.6631,1.0157,0.50215,0.68653,0.53183,0.31426,0.41449,0.52976,0.39951,0.28414,1.41963,2.47545,0.09791,0.98099,1.14884,0.00126267,0.00126267,0.00126267
247,296.031,1.04934,1.50627,0.21363,0.62927,1.01787,0.50704,0.67976,0.52691,0.3034,0.41226,0.52498,0.37,0.26747,1.44613,2.62044,0.0976,0.99928,1.17079,0.00126102,0.00126102,0.00126102
248,297.229,1.13939,1.38348,0.17452,0.6419,1.01096,0.47006,0.64286,0.50749,0.29095,0.39175,0.49816,0.35736,0.26217,1.43641,2.68806,0.09667,1.0147,1.16576,0.00125937,0.00125937,0.00125937
249,298.389,1.09294,1.39737,0.18598,0.65269,1.02617,0.47006,0.64286,0.50749,0.29095,0.39175,0.49816,0.35736,0.26217,1.43641,2.68806,0.09667,1.0147,1.16576,0.00125772,0.00125772,0.00125772
250,299.779,1.08874,1.31086,0.21595,0.64322,1.05368,0.43714,0.55952,0.49104,0.29736,0.38442,0.49286,0.38444,0.27585,1.39226,2.5586,0.09642,0.98943,1.12904,0.00125607,0.00125607,0.00125607
251,300.967,1.10099,1.43663,0.20831,0.64868,1.00714,0.41626,0.55165,0.49822,0.30002,0.35439,0.46637,0.39633,0.29191,1.3985,2.35394,0.09503,0.94802,1.11881,0.00125442,0.00125442,0.00125442
252,302.302,1.11613,1.34997,0.25275,0.68267,1.07745,0.40535,0.5369,0.50146,0.30051,0.35958,0.47024,0.39877,0.28566,1.41251,2.32242,0.09355,0.9408,1.12222,0.00125277,0.00125277,0.00125277
253,303.603,1.07128,1.21981,0.1931,0.63576,0.99327,0.40535,0.5369,0.50146,0.30051,0.35958,0.47024,0.39877,0.28566,1.41251,2.32242,0.09355,0.9408,1.12222,0.00125112,0.00125112,0.00125112
254,304.937,1.07952,1.24539,0.20925,0.67804,1.01126,0.44032,0.57677,0.50448,0.29785,0.38992,0.49286,0.38464,0.27731,1.39112,2.45287,0.09429,0.93208,1.12391,0.00124947,0.00124947,0.00124947
